name,business_type,state_registered,street_registered,city_registered,zip5_registered,state_physical,city_physical,zip5_physical,filing_number,corp_id
"ICC CONSTRUCTION, INC. ()",CORPORATION,,,,,MT,9300 BEIERLE LANE,MISSOULA,59803,D183045,619561
"DAVIDSON ENTERPRISES, INC. ()",CORPORATION,,,,,MT,313 SUMMER RIDGE ROAD,BOZEMAN,59715,D057276,619562
"ICC CONSTRUCTION, INC.",CORPORATION,,,,,MT,9300 BEIERLE LANE,MISSOULA,59803,D183045,619561
"DAVIDSON ENTERPRISES, INC.",CORPORATION,,,,,MT,313 SUMMER RIDGE ROAD,BOZEMAN,59715,D057276,619562
"ICC CONSTRUCTION, INC.",CORPORATION,,,,,MT,9300 BEIERLE LANE,MISSOULA,59803,D183045,619561
"DAVIDSON ENTERPRISES, INC.",CORPORATION,,,,,MT,313 SUMMER RIDGE ROAD,BOZEMAN,59715,D057276,619562
"ICC CONSTRUCTION, INC.",CORPORATION,MT,"CHRIS BAREFIELD, 9300 BEIERLE LANE,",MISSOULA,59803,MT,9300 BEIERLE LANE,MISSOULA,59803,D183045,619561
"DAVIDSON ENTERPRISES, INC.",CORPORATION,MT,"GORDON L DAVIDSON, 313 SUMMER RIDGE RD,",BOZEMAN,59715,MT,313 SUMMER RIDGE ROAD,BOZEMAN,59715,D057276,619562
"ICC CONSTRUCTION, INC.",CORPORATION,MT,"9300 BEIERLE LANE,",MISSOULA,59803,MT,9300 BEIERLE LANE,MISSOULA,59803,D183045,619561
"DAVIDSON ENTERPRISES, INC.",CORPORATION,MT,"313 SUMMER RIDGE RD,",BOZEMAN,59715,MT,313 SUMMER RIDGE ROAD,BOZEMAN,59715,D057276,619562
"ICC CONSTRUCTION, INC.",CORPORATION,MT,"9300 BEIERLE LANE,",MISSOULA,59803,MT,9300 BEIERLE LANE,MISSOULA,59803,D183045,619561
"DAVIDSON ENTERPRISES, INC.",CORPORATION,MT,"313 SUMMER RIDGE RD,",BOZEMAN,59715,MT,313 SUMMER RIDGE ROAD,BOZEMAN,59715,D057276,619562
"ICC CONSTRUCTION, INC.",CORPORATION,MT,"9300 BEIERLE LANE,",MISSOULA,59803,MT,9300 BEIERLE LANE,MISSOULA,59803,D183045,619561
"DAVIDSON ENTERPRISES, INC.",CORPORATION,MT,"313 SUMMER RIDGE RD,",BOZEMAN,59715,MT,313 SUMMER RIDGE ROAD,BOZEMAN,59715,D057276,619562
"ICC CONSTRUCTION, INC.",CORPORATION,MT,"9300 BEIERLE LANE,",MISSOULA,59803,MT,9300 BEIERLE LANE,MISSOULA,59803,D183045,619561
"DAVIDSON ENTERPRISES, INC.",CORPORATION,MT,"313 SUMMER RIDGE RD,",BOZEMAN,59715,MT,313 SUMMER RIDGE ROAD,BOZEMAN,59715,D057276,619562
"ICC CONSTRUCTION, INC.",CORPORATION,MT,"9300 BEIERLE LANE,",MISSOULA,59803,MT,9300 BEIERLE LANE,MISSOULA,59803,D183045,619561
"DAVIDSON ENTERPRISES, INC.",CORPORATION,MT,"313 SUMMER RIDGE RD,",BOZEMAN,59715,MT,313 SUMMER RIDGE ROAD,BOZEMAN,59715,D057276,619562
"ICC CONSTRUCTION, INC.",CORPORATION,MT,"9300 BEIERLE LANE,",MISSOULA,59803,MT,9300 BEIERLE LANE,MISSOULA,59803,D183045,619561
"DAVIDSON ENTERPRISES, INC.",CORPORATION,MT,"313 SUMMER RIDGE RD,",BOZEMAN,59715,MT,313 SUMMER RIDGE ROAD,BOZEMAN,59715,D057276,619562
"ICC CONSTRUCTION, INC.",CORPORATION,MT,"9300 BEIERLE LANE,",MISSOULA,59803,MT,9300 BEIERLE LANE,MISSOULA,59803,D183045,619561
"DAVIDSON ENTERPRISES, INC.",CORPORATION,MT,"313 SUMMER RIDGE RD,",BOZEMAN,59715,MT,313 SUMMER RIDGE ROAD,BOZEMAN,59715,D057276,619562
